t,acc
0,-1.4
0.02,-10.8
0.04,-10.1
0.06,-8.8
0.08,-9.5
0.1,-12
0.12,-14.2
0.14,-12.8
0.16,-11
0.18,-8.5
0.2,-8.5
0.22,-13.1
0.24,-17.6
0.26,-19.4
0.28,-16.2
0.3,-14.4
0.32,-10.8
0.34,-8.2
0.36,-4.2
0.38,-6.6
0.4,-13.1
0.42,-19
0.44,-19.6
0.46,-6.6
0.48,3
0.5,14.1
0.52,-4.9
0.54,-12.8
0.56,-14.4
0.58,-20.3
0.6,-26
0.62,-32.5
0.64,-30.6
0.66,-17.2
0.68,-19.7
0.7,-16.3
0.72,-16.4
0.74,-6.7
0.76,2.5
0.78,15
0.8,23.6
0.82,25.2
0.84,33.6
0.86,46.3
0.88,49.2
0.9,41.9
0.92,35.9
0.94,27.1
0.96,23.5
0.98,33.9
1,41.2
1.02,53
1.04,63.9
1.06,73.2
1.08,65.2
1.1,59.9
1.12,40
1.14,40
1.16,6.3
1.18,-51.5
1.2,-78.7
1.22,-60.3
1.24,-48.4
1.26,-25
1.28,-5.9
1.3,13.4
1.32,30.8
1.34,49.9
1.36,71
1.38,99.5
1.4,121.9
1.42,152.9
1.44,144.9
1.46,115.5
1.48,93.5
1.5,89.2
1.52,92.6
1.54,83.9
1.56,90.1
1.58,99.3
1.6,120.9
1.62,32.8
1.64,-147.5
1.66,-206.6
1.68,-198.9
1.7,-203.4
1.72,-181.6
1.74,-172.5
1.76,-175.2
1.78,-175.3
1.8,-180.5
1.82,-163
1.84,-134.7
1.86,-108.7
1.88,-78.2
1.9,-42.9
1.92,-1.7
1.94,36
1.96,78.5
1.98,116.4
2,159.8
2.02,196
2.04,241.2
2.06,272.9
2.08,303.6
2.1,320
2.12,341.7
2.14,282.1
2.16,232.4
2.18,-119.8
2.2,-237.3
2.22,-164
2.24,-186.5
2.26,-109.5
2.28,-75.3
2.3,-17.3
2.32,11.3
2.34,53.3
2.36,89.5
2.38,118.6
2.4,175.7
2.42,57.6
2.44,-263.1
2.46,-154.7
2.48,-172.9
2.5,-101.2
2.52,-57.9
2.54,23.7
2.56,-67
2.58,-198
2.6,-164.1
2.62,-168.5
2.64,-148.1
2.66,-123.1
2.68,-100.1
2.7,-75.1
2.72,-52.3
2.74,-27.1
2.76,-4.4
2.78,18.8
2.8,-9.5
2.82,-43.3
2.84,-83.8
2.86,-95.1
2.88,-71.6
2.9,-59.9
2.92,-33.4
2.94,-10.8
2.96,18.5
2.98,42
3,67.3
3.02,-9.7
3.04,-37.2
3.06,-4
3.08,1.1
3.1,34.4
3.12,56.5
3.14,88.3
3.16,113
3.18,136.3
3.2,21.9
3.22,24.1
3.24,68.3
3.26,68.9
3.28,131.8
3.3,135.3
3.32,204
3.34,-93.1
3.36,-130.8
3.38,-69.2
3.4,-54.6
3.42,7.2
3.44,67.5
3.46,-106.7
3.48,-148.8
3.5,-107.1
3.52,-116.2
3.54,-76.2
3.56,-55.9
3.58,-21.5
3.6,-12.6
3.62,-67.4
3.64,-32.4
3.66,-33.7
3.68,-10.9
3.7,1.7
3.72,29.9
3.74,48.8
3.76,60.8
3.78,22.2
3.8,-3.2
3.82,-24.5
3.84,7.7
3.86,21.1
3.88,56.8
3.9,82.6
3.92,120.6
3.94,147.8
3.96,173.7
3.98,42.1
4,2.9
4.02,25.9
4.04,29.3
4.06,-5.5
4.08,-14.7
4.1,14.3
4.12,20.6
4.14,49.9
4.16,64.5
4.18,95.7
4.2,112.8
4.22,144.7
4.24,162.9
4.26,194.5
4.28,185.6
4.3,198.4
4.32,176.9
4.34,125
4.36,-120.7
4.38,-54.2
4.4,-38.4
4.42,-31.1
4.44,-111.8
4.46,-166.1
4.48,-246.4
4.5,-202.5
4.52,-183.5
4.54,-131.7
4.56,-96
4.58,-32.5
4.6,15.4
4.62,81.6
4.64,131.9
4.66,181.8
4.68,-5.8
4.7,-16.9
4.72,28.5
4.74,44.7
4.76,98.3
4.78,142.4
4.8,185.3
4.82,245.6
4.84,168.5
4.86,-138
4.88,-99.9
4.9,-108.9
4.92,-90.7
4.94,-46.9
4.96,-125
4.98,-211.1
5,-161.7
5.02,-169.2
5.04,-130.6
5.06,-111.1
5.08,-77.3
5.1,-51
5.12,-54.4
5.14,-120
5.16,-120.9
5.18,-115.8
5.2,-114.5
5.22,-71.7
5.24,-54.6
5.26,6.4
5.28,-80.4
5.3,-163.4
5.32,-85.9
5.34,-96.1
5.36,-39.6
5.38,-14.7
5.4,31.9
5.42,64.8
5.44,87.6
5.46,47.2
5.48,19.8
5.5,-2.7
5.52,29.2
5.54,44.5
5.56,78.5
5.58,103.3
5.6,135.2
5.62,160.6
5.64,186.1
5.66,128.1
5.68,64
5.7,20.4
5.72,31.4
5.74,37.3
5.76,49.6
5.78,23.5
5.8,-8.4
5.82,-16.8
5.84,-11.3
5.86,-22.9
5.88,-24.8
5.9,-15.7
5.92,-6.9
5.94,14.7
5.96,37.9
5.98,57.9
6,25.5
6.02,-4.1
6.04,-42.8
6.06,-13.3
6.08,9.5
6.1,23
6.12,-12.9
6.14,-5
6.16,8
6.18,21
6.2,38
6.22,51
6.24,15.7
6.26,-3.2
6.28,-11.1
6.3,0.5
6.32,7.6
6.34,3.5
6.36,-9.5
6.38,-3.6
6.4,-1.6
6.42,3.8
6.44,8.5
6.46,-5.6
6.48,-30.4
6.5,-42.1
6.52,-24.4
6.54,-23.6
6.56,-17.7
6.58,-12.9
6.6,-1.8
6.62,20.3
6.64,-10.8
6.66,-9.1
6.68,-3.4
6.7,-10.6
6.72,-11.1
6.74,-9.9
6.76,-0.2
6.78,7.3
6.8,23.5
6.82,35.5
6.84,70.5
6.86,77.9
6.88,18.4
6.9,-26.3
6.92,-12.4
6.94,-4.2
6.96,15.9
6.98,4.8
7,-21.9
7.02,-46.7
7.04,-42.8
7.06,-21.6
7.08,-4.3
7.1,15.9
7.12,32
7.14,41.9
7.16,12.3
7.18,-16
7.2,-20.4
7.22,-8.2
7.24,-20.6
7.26,-13.7
7.28,-5.5
7.3,5.3
7.32,13.4
7.34,26.6
7.36,23.2
7.38,7.9
7.4,-0.8
7.42,20
7.44,43.5
7.46,49.2
7.48,19.1
7.5,9.2
7.52,-2.2
7.54,-2.1
7.56,5.2
7.58,9.3
7.6,25.5
7.62,36.8
7.64,52.5
7.66,54.1
7.68,42.5
7.7,39.8
7.72,55.9
7.74,75.6
7.76,36.5
7.78,41.1
7.8,9.8
7.82,-20.4
7.84,-24.9
7.86,-40.5
7.88,-41.3
7.9,-47.1
7.92,-43.3
7.94,-45.8
7.96,-5.7
7.98,17.8
8,-20.8
8.02,-49.2
8.04,-53
8.06,-36.2
8.08,-40.5
8.1,-30.8
8.12,-31.6
8.14,-26.5
8.16,-26.5
8.18,-26.9
8.2,-34.5
8.22,-30.9
8.24,-21.7
8.26,-7.8
8.28,8.7
8.3,28.1
8.32,31
8.34,35.8
8.36,34.1
8.38,35.8
8.4,28.7
8.42,30.5
8.44,11.2
8.46,21.4
8.48,13.6
8.5,38.4
8.52,-86.1
8.54,-134.9
8.56,-134.2
8.58,-135.4
8.6,-119.3
8.62,-104.2
8.64,-82.9
8.66,-65.1
8.68,-44.4
8.7,-25.8
8.72,-6
8.74,-9.1
8.76,-18.2
8.78,-14.7
8.8,8.5
8.82,16.3
8.84,5
8.86,26.4
8.88,58.2
8.9,86.7
8.92,120
8.94,169.5
8.96,111.1
8.98,-110
9,-36.6
9.02,-44.5
9.04,-23.6
9.06,-96
9.08,-65.6
9.1,-59.7
9.12,-67
9.14,-55.2
9.16,-2.7
9.18,37.8
9.2,107.2
9.22,166.9
9.24,94.7
9.26,40.8
9.28,66.7
9.3,13.2
9.32,-9.5
9.34,-52
9.36,-82.7
9.38,-115.2
9.4,-115
9.42,-80.3
9.44,-36.9
9.46,2.9
9.48,54.5
9.5,117.8
9.52,161
9.54,-27
9.56,3.4
9.58,-5.6
9.6,2
9.62,14.6
9.64,53.7
9.66,79.8
9.68,-20.5
9.7,-59
9.72,-16.9
9.74,-17.5
9.76,-2.8
9.78,7.4
9.8,38.2
9.82,56.7
9.84,75.3
9.86,80.1
9.88,59.2
9.9,30.4
9.92,2.3
9.94,6.4
9.96,-40.6
9.98,-45.1
10,-7.9
10.02,16.8
10.04,56.7
10.06,9.3
10.08,-5.5
10.1,4.4
10.12,-12.3
10.14,-28.2
10.16,-43.7
10.18,-35.2
10.2,-25.5
10.22,-11.1
10.24,20.5
10.26,51.9
10.28,85.4
10.3,114.4
10.32,73.3
10.34,23.7
10.36,-36.8
10.38,-27.1
10.4,-21.7
10.42,-87.3
10.44,-97.3
10.46,-58.9
10.48,-33.6
10.5,7.7
10.52,25.9
10.54,50.8
10.56,36.1
10.58,8.1
10.6,-5.6
10.62,-20.9
10.64,-31.7
10.66,-23.8
10.68,-37.6
10.7,-55
10.72,-72.2
10.74,-80.3
10.76,-52.3
10.78,-34
10.8,-1.1
10.82,6.5
10.84,-3.7
10.86,-0.5
10.88,-16.8
10.9,-41
10.92,-8
10.94,7.9
10.96,37.4
10.98,61.5
11,66.5
11.02,25.4
11.04,-5.7
11.06,-47.4
11.08,-35.6
11.1,-24.3
11.12,-4.8
11.14,12.6
11.16,37.9
11.18,24.1
11.2,-22.7
11.22,-42.8
11.24,-67.9
11.26,-66.1
11.28,-59
11.3,-51.3
11.32,-40.8
11.34,-30.9
11.36,-26.6
11.38,-54.1
11.4,-62.8
11.42,-90.8
11.44,-110.7
11.46,-88.1
11.48,-77
11.5,-58.2
11.52,-47.3
11.54,-33.3
11.56,-19.9
11.58,2
11.6,21.1
11.62,43.2
11.64,61.3
11.66,76.7
11.68,93.3
11.7,106.6
11.72,113
11.74,118.7
11.76,124.7
11.78,133.4
11.8,159.4
11.82,179.7
11.84,203.7
11.86,123.6
11.88,44.2
11.9,-14
11.92,-66.6
11.94,-55.5
11.96,-69.3
11.98,-98.4
12,-124.6
12.02,-117.9
12.04,-105
12.06,-92
12.08,-74.3
12.1,-80.9
12.12,-85
12.14,-86
12.16,-86.3
12.18,-87.3
12.2,-86.8
12.22,-88.5
12.24,-53.7
12.26,5.2
12.28,21.5
12.3,24.5
12.32,58
12.34,31.4
12.36,23.6
12.38,48.5
12.4,58.9
12.42,52.5
12.44,35.5
12.46,19.7
12.48,19.9
12.5,49.2
12.52,34.3
12.54,28.8
12.56,43.2
12.58,23.9
12.6,8.8
12.62,7.7
12.64,-14.8
12.66,-7.7
12.68,-1.9
12.7,7.5
12.72,4.4
12.74,-14.5
12.76,-31.6
12.78,-24.1
12.8,-2.8
12.82,18.2
12.84,42.6
12.86,43.9
12.88,51.2
12.9,46.6
12.92,47.9
12.94,19.3
12.96,22.2
12.98,27.4
13,39.3
13.02,50.4
13.04,57.7
13.06,58.8
13.08,82.2
13.1,79.7
13.12,94.9
13.14,34.5
13.16,4.5
13.18,-12.3
13.2,-34.7
13.22,-42.6
13.24,-41.6
13.26,-27.5
13.28,-27
13.3,7.4
13.32,42.8
13.34,-23.1
13.36,-38.7
13.38,-8.3
13.4,13.9
13.42,44.5
13.44,2.7
13.46,-69.7
13.48,-79.6
13.5,-25.1
13.52,-13.5
13.54,7.9
13.56,-11.5
13.58,-25.1
13.6,-33.3
13.62,-26.9
13.64,-30.1
13.66,-20
13.68,-6.7
13.7,-3.8
13.72,10.5
13.74,29.6
13.76,34.4
13.78,95.7
13.8,89.8
13.82,17.9
13.84,-36.2
13.86,-99.4
13.88,-80.7
13.9,-74.4
13.92,-53.9
13.94,-33
13.96,-12.8
13.98,3.1
14,14.8
14.02,50.8
14.04,-2.2
14.06,-48.9
14.08,-35.8
14.1,-69.1
14.12,-51.6
14.14,-37.1
14.16,8.8
14.18,63.2
14.2,84.1
14.22,127.6
14.24,138.8
14.26,119.3
14.28,75.1
14.3,22.5
14.32,-8.8
14.34,-22.7
14.36,7.4
14.38,18.1
14.4,54.4
14.42,39.9
14.44,4.5
14.46,-8.2
14.48,-18.5
14.5,-2
14.52,0.6
14.54,-11.7
14.56,-21
14.58,-30.3
14.6,-51.2
14.62,-72.7
14.64,-57.9
14.66,-26.6
14.68,-17.8
14.7,4
14.72,9.8
14.74,13.7
14.76,22.1
14.78,43.7
14.8,9.1
14.82,-54.8
14.84,-55.5
14.86,-24.3
14.88,-8.1
14.9,25
14.92,41
14.94,18.2
14.96,-2.7
14.98,-24.3
15,-1.5
15.02,24.7
15.04,48.2
15.06,78.3
15.08,62.2
15.1,33.1
15.12,-1.4
15.14,-19.5
15.16,-24.7
15.18,-21.2
15.2,-11
15.22,5
15.24,24.1
15.26,-3.4
15.28,-21.6
15.3,-47.1
15.32,-36.3
15.34,-19.5
15.36,-1.8
15.38,17
15.4,-8
15.42,0.5
15.44,23
15.46,37.4
15.48,60.1
15.5,51.6
15.52,43.2
15.54,34.4
15.56,50.5
15.58,65.3
15.6,68.3
15.62,17.2
15.64,-17
15.66,-52.7
15.68,-66.4
15.7,-38.7
15.72,-22.2
15.74,-3.3
15.76,11.9
15.78,-12.8
15.8,-35.1
15.82,-51.4
15.84,-33.5
15.86,-21.8
15.88,-1.2
15.9,14.2
15.92,7
15.94,-6.3
15.96,-12
15.98,-32.2
16,-34.6
16.02,-9.1
16.04,7.3
16.06,30.9
16.08,47.2
16.1,60.3
16.12,57.6
16.14,33
16.16,-7.3
16.18,-77.7
16.2,-60.8
16.22,-43.8
16.24,-20.9
16.26,3.1
16.28,35
16.3,29.3
16.32,12.1
16.34,33.8
16.36,31.7
16.38,25.4
16.4,20.6
16.42,19.8
16.44,17.4
16.46,2.1
16.48,-14.4
16.5,-34.3
16.52,-33.9
16.54,-14.5
16.56,-2.8
16.58,17
16.6,-9.6
16.62,-25.5
16.64,-27.9
16.66,-38.8
16.68,-24.2
16.7,-21.5
16.72,-18.2
16.74,-17.4
16.76,-3.8
16.78,-2.7
16.8,-18.5
16.82,-12.3
16.84,8.7
16.86,34.3
16.88,69.5
16.9,91
16.92,85.3
16.94,76
16.96,51.3
16.98,18.6
17,1.5
17.02,-19
17.04,-15.1
17.06,-7.3
17.08,2.1
17.1,12.9
17.12,21.5
17.14,2.4
17.16,-12.4
17.18,-32.9
17.2,-51.9
17.22,-70.8
17.24,-57.9
17.26,-46.2
17.28,-30.7
17.3,-14.5
17.32,-0.9
17.34,-18
17.36,-31.8
17.38,-46.5
17.4,-39.1
17.42,-34.5
17.44,-31.6
17.46,-43.5
17.48,-49.1
17.5,-47.5
17.52,-42
17.54,-36.1
17.56,-27.7
17.58,-25.8
17.6,-13.9
17.62,-6.8
17.64,50.7
17.66,72.2
17.68,87.8
17.7,78.2
17.72,76.5
17.74,43.9
17.76,8
17.78,1.3
17.8,-12.6
17.82,-1.5
17.84,3
17.86,10.4
17.88,10.4
17.9,19.3
17.92,20.5
17.94,7.4
17.96,-5.6
17.98,-7.2
18,7
18.02,10.6
18.04,14.7
18.06,-0.9
18.08,-15.9
18.1,-18.7
18.12,-0.7
18.14,15.5
18.16,10.5
18.18,-11.5
18.2,-30.2
18.22,-30.9
18.24,-9.5
18.26,-5.8
18.28,0.4
18.3,2
18.32,5
18.34,5.7
18.36,9.7
18.38,13.4
18.4,17.7
18.42,21.8
18.44,26.1
18.46,30.2
18.48,34.6
18.5,38.6
18.52,47.4
18.54,39.3
18.56,23.8
18.58,11.5
18.6,-7.9
18.62,-12.4
18.64,5.4
18.66,2.7
18.68,-25
18.7,-56.6
18.72,-63
18.74,-59.1
18.76,-41.3
18.78,-6.8
18.8,27.2
18.82,27.7
18.84,-2.1
18.86,-6
18.88,-11
18.9,-22.1
18.92,-41.6
18.94,-51.9
18.96,-22.2
18.98,3
19,7.9
19.02,13.9
19.04,17.1
19.06,25.3
19.08,32.3
19.1,39.1
19.12,16.4
19.14,-13.6
19.16,-32.3
19.18,-29.1
19.2,-28.7
19.22,-30.4
19.24,-33.9
19.26,-24.5
19.28,-7.6
19.3,12.5
19.32,37.6
19.34,40.2
19.36,24.5
19.38,15.6
19.4,-4
19.42,-15.3
19.44,-28.9
19.46,-31.6
19.48,-11.1
19.5,9.4
19.52,33.5
19.54,57.6
19.56,42.4
19.58,14.3
19.6,-0.7
19.62,-13.5
19.64,-27
19.66,-34.1
19.68,-35.7
19.7,-39.6
19.72,-40.2
19.74,-48.8
19.76,-48
19.78,-40.6
19.8,-40.7
19.82,-35.1
19.84,-18.7
19.86,-5.7
19.88,4.4
19.9,-1.9
19.92,-7.2
19.94,-16.9
19.96,-11.5
19.98,12.6
20,35.8
20.02,65.4
20.04,71.6
20.06,76.2
20.08,73.9
20.1,62.8
20.12,48.4
20.14,26.4
20.16,-4.4
20.18,-28.8
20.2,-38.4
20.22,-49.2
20.24,-42.8
20.26,-41.6
20.28,-27.6
20.3,-5.2
20.32,23.7
20.34,42.6
20.36,60.4
20.38,45.2
20.4,28.4
20.42,12.6
20.44,-5.4
20.46,-27.5
20.48,-42.3
20.5,-17.5
20.52,0.1
20.54,25.4
20.56,48.1
20.58,64.1
20.6,55.4
20.62,41.3
20.64,18.4
20.66,-4.8
20.68,-30.3
20.7,-53.1
20.72,-70.8
20.74,-92.8
20.76,-86.3
20.78,-63.1
20.8,-37.6
20.82,8.7
20.84,30.9
20.86,58.9
20.88,61.4
20.9,38.5
20.92,35.1
20.94,31.1
20.96,24.6
20.98,1.9
21,-19.8
21.02,-15.8
21.04,-1.5
21.06,9.9
21.08,28.6
21.1,40.8
21.12,56.3
21.14,53.1
21.16,31.4
21.18,16.5
21.2,-2.4
21.22,-18.9
21.24,-27.6
21.26,-37.1
21.28,-45
21.3,-53.4
21.32,-48.3
21.34,-37.9
21.36,-29.6
21.38,-19.6
21.4,-18.4
21.42,-15.9
21.44,-11.9
21.46,-5.3
21.48,0.2
21.5,5.9
21.52,-2.3
21.54,-11.2
21.56,-20.5
21.58,-32.2
21.6,-38.8
21.62,-34.1
21.64,-28.7
21.66,-32.8
21.68,-40.7
21.7,-48.7
21.72,-56.3
21.74,-64.4
21.76,-55.5
21.78,-44.6
21.8,-0.8
21.82,25.3
21.84,41.1
21.86,64.4
21.88,57.9
21.9,47.4
21.92,38.4
21.94,38.5
21.96,34
21.98,35.7
22,0.8
22.02,-25.4
22.04,-46
22.06,-47.1
22.08,-22.2
22.1,-6.5
22.12,16.4
22.14,35.5
22.16,50.4
22.18,37.1
22.2,28
22.22,15.8
22.24,4.1
22.26,-2.7
22.28,2.1
22.3,4.4
22.32,9.9
22.34,13.5
22.36,9.4
22.38,5.8
22.4,2.2
22.42,-3.1
22.44,-3.1
22.46,0.4
22.48,-2.5
22.5,-12.4
22.52,-23.5
22.54,-40.6
22.56,-53
22.58,-70.1
22.6,-32.3
22.62,-5.2
22.64,9.4
22.66,32.8
22.68,47.8
22.7,50.9
22.72,35.8
22.74,34.2
22.76,30.6
22.78,28.5
22.8,26.3
22.82,16.8
22.84,-0.5
22.86,-21.2
22.88,-36.5
22.9,-31
22.92,-29.7
22.94,-28
22.96,-23.7
22.98,-26.6
23,-30.8
23.02,-36.6
23.04,-35.7
23.06,-30.8
23.08,-19.3
23.1,1.9
23.12,19.6
23.14,16
23.16,12.9
23.18,14
23.2,11
23.22,10.8
23.24,9.2
23.26,8.9
23.28,1.9
23.3,-13.1
23.32,-24.7
23.34,-43.6
23.36,-43.2
23.38,-30
23.4,-19.2
23.42,-4.8
23.44,9.7
23.46,16.8
23.48,14.8
23.5,17.3
23.52,7.8
23.54,-5.8
23.56,-21.5
23.58,-23.4
23.6,6
23.62,26.2
23.64,26.9
23.66,8.4
23.68,-4.1
23.7,-22.7
23.72,-7.6
23.74,3.1
23.76,18.2
23.78,31
23.8,47.9
23.82,45.9
23.84,16.6
23.86,-5.8
23.88,-39.6
23.9,-44.4
23.92,-24.1
23.94,-10.1
23.96,21.7
23.98,26.1
24,12.1
24.02,0.8
24.04,-16.8
24.06,-38.2
24.08,-56.6
24.1,-78.1
24.12,-61.9
24.14,-25.6
24.16,4.4
24.18,45.6
24.2,78.3
24.22,110.3
24.24,95.3
24.26,48.9
24.28,12.2
24.3,-38.7
24.32,-84.6
24.34,-122.6
24.36,-86.4
24.38,-61.6
24.4,-22.8
24.42,15
24.44,47.7
24.46,32.3
24.48,24.8
24.5,9.5
24.52,22.7
24.54,33.8
24.56,50.5
24.58,59.4
24.6,51.9
24.62,55.2
24.64,59.5
24.66,61.7
24.68,59.3
24.7,46.6
24.72,15.8
24.74,-7.7
24.76,-23
24.78,-30.3
24.8,-32.9
24.82,-36.4
24.84,-49
24.86,-66
24.88,-72.3
24.9,-78.4
24.92,-84.6
24.94,-56.6
24.96,-20.9
24.98,12.8
25,38.1
25.02,48.8
25.04,36.3
25.06,25
25.08,15.8
25.1,37.7
25.12,59.4
25.14,63
25.16,37
25.18,21.7
25.2,4
25.22,2.3
25.24,-6.2
25.26,-28.6
25.28,-38
25.3,-45.7
25.32,-50.5
25.34,-77.7
25.36,-62.8
25.38,-18.9
25.4,18.9
25.42,50.9
25.44,74.4
25.46,74.9
25.48,56.2
25.5,45.5
25.52,52.5
25.54,63.5
25.56,73.1
25.58,85.1
25.6,92.7
25.62,97.5
25.64,92.9
25.66,81.4
25.68,26.4
25.7,-28.9
25.72,-90.1
25.74,-136.4
25.76,-85.9
25.78,-46.8
25.8,8.1
25.82,59.4
25.84,82.3
25.86,55.6
25.88,30.1
25.9,-1.1
25.92,-38
25.94,-34.7
25.96,-2
25.98,18
26,63.3
26.02,101.3
26.04,112.2
26.06,110.7
26.08,94
26.1,80.5
26.12,60.8
26.14,50.8
26.16,20.6
26.18,-20.1
26.2,-57.2
26.22,-102.1
26.24,-133.2
26.26,-122.5
26.28,-120.7
26.3,-100.6
26.32,-76.2
26.34,-54.8
26.36,-48.9
26.38,-40.5
26.4,-29.1
26.42,-17.6
26.44,-14.1
26.46,-9.8
26.48,-5
26.5,1.9
26.52,8
26.54,3.5
26.56,-2.9
26.58,-6.1
26.6,-3.4
26.62,-1.3
26.64,7.6
26.66,20.5
26.68,32.7
26.7,45
26.72,57.7
26.74,56.2
26.76,46.4
26.78,30
26.8,10.7
26.82,-0.4
26.84,-3.3
26.86,-6.9
26.88,-10.1
26.9,-20.1
26.92,-18.8
26.94,2.5
26.96,13.4
26.98,24.3
27,26.6
27.02,26.5
27.04,15.5
27.06,-1.9
27.08,-9.5
27.1,-21.6
27.12,-16.7
27.14,-12
27.16,-6.4
27.18,-12.9
27.2,-16.3
27.22,-19.3
27.24,-24.2
27.26,-23.6
27.28,-17.5
27.3,-12.4
27.32,-18.5
27.34,-26.5
27.36,-32.3
27.38,-33.6
27.4,-45.4
27.42,-43
27.44,-33.4
27.46,-21.3
27.48,-6.9
27.5,3
27.52,0.3
27.54,-9.3
27.56,-8.9
27.58,-15
27.6,-16.4
27.62,-23.8
27.64,-32.3
27.66,-42.1
27.68,-45.7
27.7,-39.7
27.72,-34.9
27.74,-25.8
27.76,-17.2
27.78,-2
27.8,15.6
27.82,28.4
27.84,36.2
27.86,35.4
27.88,26.9
27.9,10.1
27.92,-4.5
27.94,-12.5
27.96,-24.5
27.98,-22.9
28,-12.6
28.02,-6.8
28.04,1.8
28.06,9.3
28.08,20
28.1,28.6
28.12,36.5
28.14,31.1
28.16,18.1
28.18,2.4
28.2,-15.6
28.22,-31.9
28.24,-21.9
28.26,-11.8
28.28,1.5
28.3,15.3
28.32,29.8
28.34,24.3
28.36,13.6
28.38,10.2
28.4,2.4
28.42,-1
28.44,-2.3
28.46,-3.6
28.48,-4.8
28.5,-8.9
28.52,-15.5
28.54,-14.8
28.56,-7.6
28.58,0
28.6,-2
28.62,-14.8
28.64,-22.5
28.66,-37.4
28.68,-36.5
28.7,-25.1
28.72,-16.4
28.74,-1.4
28.76,15.3
28.78,30.2
28.8,39.3
28.82,40.6
28.84,38.5
28.86,32.9
28.88,18.3
28.9,12.5
28.92,7
28.94,-0.1
28.96,-6.8
28.98,-13
29,-12.8
29.02,-11.5
29.04,-10.2
29.06,-8.4
29.08,-14.1
29.1,-20.5
29.12,-26.9
29.14,-35
29.16,-35.9
29.18,-29.7
29.2,-22.7
29.22,1.8
29.24,9.9
29.26,20.3
29.28,25.6
29.3,19.9
29.32,16
29.34,10.7
29.36,15.6
29.38,19.8
29.4,24.2
29.42,14.1
29.44,5.5
29.46,-6.6
29.48,-9.7
29.5,-2.6
29.52,1.6
29.54,10
29.56,9.4
29.58,3.9
29.6,0
29.62,-6.6
29.64,-9.9
29.66,-10.9
29.68,-11.5
29.7,-13.1
29.72,-16.8
29.74,-19.9
29.76,-10.4
29.78,-1
29.8,5.5
29.82,12.9
29.84,20
29.86,19.9
29.88,16.9
29.9,14.3
29.92,10.9
29.94,12.8
29.96,15.2
29.98,13.7
30,11.7
30.02,9.7
30.04,6
30.06,-2.8
30.08,-5
30.1,-8.4
30.12,-17.8
30.14,-32.1
30.16,-42
30.18,-51.8
30.2,-47.2
30.22,-39.4
30.24,-29
30.26,-11
30.28,5
30.3,13.2
30.32,15.7
30.34,17.7
30.36,19.5
30.38,25.5
30.4,33.1
30.42,32.8
30.44,25.2
30.46,17.3
30.48,4.5
30.5,-8.5
30.52,-19
30.54,-22.9
30.56,-30.4
30.58,-27.7
30.6,-22.7
30.62,-17.4
30.64,-12.1
30.66,-12.6
30.68,-12.9
30.7,-8
30.72,-2.6
30.74,3.9
30.76,6.5
30.78,5.5
30.8,5
30.82,6.4
30.84,12.6
30.86,17.9
30.88,24.3
30.9,30.7
30.92,29.8
30.94,25.1
30.96,21.6
30.98,16.3
31,19.2
31.02,23.4
31.04,28.2
31.06,30.1
31.08,19.6
31.1,10.6
31.12,-3.9
31.14,-16.3
31.16,-32.2
31.18,-33.5
31.2,-21.9
31.22,-14.8
31.24,-1
31.26,1.1
31.28,-5.3
31.3,-10.1
31.32,-12.6
31.34,-14.3
31.36,-12.9
31.38,-10.4
31.4,-7.1
31.42,-1.8
31.44,3.3
31.46,8.5
31.48,15.8
31.5,23.9
31.52,31.9
31.54,34.1
31.56,31.8
31.58,21.3
31.6,7.3
31.62,0.9
31.64,-1.5
31.66,-4.7
31.68,-7.5
31.7,-12.1
31.72,-15.6
31.74,-11.6
31.76,-5.6
31.78,-0.6
31.8,-0.3
31.82,-0.3
31.84,1.4
31.86,4.6
31.88,7.2
31.9,8.6
31.92,9.8
31.94,12.4
31.96,14.7
31.98,17.2
32,20
32.02,25.6
32.04,31.7
32.06,28.7
32.08,23.1
32.1,10.5
32.12,-0.1
32.14,-1.1
32.16,-3.6
32.18,-5.3
32.2,-8.3
32.22,-5.2
32.24,-0.7
32.26,3.7
32.28,9.6
32.3,15.5
32.32,20.5
32.34,14.3
32.36,7.3
32.38,2.1
32.4,-2.2
32.42,-7
32.44,-10
32.46,-7.5
32.48,-5.4
32.5,-2.9
32.52,-1.5
32.54,0
32.56,-0.1
32.58,-0.6
32.6,-1.1
32.62,-1
32.64,-0.3
32.66,0.1
32.68,1.6
32.7,5.3
32.72,8.6
32.74,12.6
32.76,15.4
32.78,13.1
32.8,10.2
32.82,5.6
32.84,0.6
32.86,-4
32.88,-9.8
32.9,-9.6
32.92,-4.6
32.94,-0.7
32.96,3.1
32.98,4.5
33,6.8
33.02,5.2
33.04,4.5
33.06,1.8
33.08,-0.2
33.1,-2.9
33.12,-2.8
33.14,-1.7
33.16,-0.6
33.18,-0.5
33.2,-1.7
33.22,-2.2
33.24,-3.6
33.26,-3.2
33.28,-0.7
33.3,1.4
33.32,4.1
33.34,6.5
33.36,6.3
33.38,5.2
33.4,0.6
33.42,-4.5
33.44,-7.6
33.46,-6.4
33.48,-6.5
33.5,-10.7
33.52,-16.1
33.54,-17.4
33.56,-11.7
33.58,-7
33.6,-3.6
33.62,-2.5
33.64,-0.2
33.66,0.4
33.68,3.6
33.7,8.2
33.72,11.5
33.74,7
33.76,3.8
33.78,-1
33.8,-2.5
33.82,-3.4
33.84,-4.1
33.86,-4.5
33.88,-6.5
33.9,-12
33.92,-11.7
33.94,-10.8
33.96,-9.8
33.98,-8.1
34,-7.6
34.02,-11
34.04,-13.8
34.06,-16.6
34.08,-14.4
34.1,-13
34.12,-11.1
34.14,-10.8
34.16,-9.8
34.18,-9.8
34.2,-6.3
34.22,-0.2
34.24,5.4
34.26,11
34.28,15.2
34.3,19.7
34.32,17
34.34,14
34.36,10.3
34.38,6.4
34.4,1
34.42,-6.7
34.44,-10.5
34.46,-12.2
34.48,-13.8
34.5,-16.6
34.52,-21.5
34.54,-26.9
34.56,-27.4
34.58,-21.7
34.6,-17.8
34.62,-11.6
34.64,-6.1
34.66,0
34.68,5.4
34.7,9.9
34.72,14.4
34.74,18.7
34.76,23.2
34.78,26.2
34.8,25.5
34.82,22.7
34.84,17.1
34.86,12.7
34.88,5.4
34.9,-4.7
34.92,-14.9
34.94,-21
34.96,-25.4
34.98,-25.2
35,-24.5
35.02,-22.6
35.04,-17.9
35.06,-13.6
35.08,-8.2
35.1,-1.4
35.12,4.4
35.14,8.9
35.16,9.7
35.18,10
35.2,10
35.22,10.4
35.24,13.6
35.26,12.1
35.28,10
35.3,7.2
35.32,1.9
35.34,-2.8
35.36,-8.3
35.38,-13.1
35.4,-19
35.42,-19.4
35.44,-13.9
35.46,-10
35.48,-4.4
35.5,-4.4
35.52,-4
35.54,-4.5
35.56,-4.9
35.58,-3.9
35.6,-2.1
35.62,-2.2
35.64,-1.6
35.66,-1.6
35.68,-1.2
35.7,-1.2
35.72,2.8
35.74,6.8
35.76,11.5
35.78,9.6
35.8,5.6
35.82,1.7
35.84,-3.1
35.86,-7.8
35.88,-9.2
35.9,-9.2
35.92,-9.5
35.94,-9.2
35.96,-8.6
35.98,-5.2
36,-2.2
36.02,1.4
36.04,3.8
36.06,3.4
36.08,3.4
36.1,2.9
36.12,4
36.14,5.4
36.16,6.7
36.18,8.5
36.2,8.7
36.22,7.7
36.24,7
36.26,6.1
36.28,7.5
36.3,8.7
36.32,10.2
36.34,11.1
36.36,9
36.38,7.5
36.4,5.3
36.42,6.2
36.44,7.9
36.46,9.7
36.48,11.8
36.5,13.5
36.52,10.5
36.54,7.7
36.56,4.4
36.58,1.2
36.6,-2.1
36.62,-4.2
36.64,-6.8
36.66,-8.7
36.68,-12
36.7,-15.9
36.72,-19.8
36.74,-23.3
36.76,-25.8
36.78,-27
36.8,-27.8
36.82,-28.7
36.84,-27.8
36.86,-27
36.88,-25.8
36.9,-25.1
36.92,-21.9
36.94,-17.3
36.96,-12.9
36.98,-10.9
37,-10.5
37.02,-9.5
37.04,-9.1
37.06,-7.2
37.08,-5.9
37.1,-4
37.12,-2.3
37.14,1.8
37.16,3.5
37.18,4.2
37.2,4.8
37.22,4.3
37.24,4.3
37.26,3.8
37.28,3.6
37.3,3.2
37.32,4.7
37.34,6.3
37.36,8.5
37.38,11
37.4,13.4
37.42,16
37.44,18.1
37.46,17.3
37.48,16.8
37.5,15.9
37.52,14.7
37.54,10.8
37.56,6.8
37.58,3.2
37.6,0.9
37.62,1.9
37.64,2.8
37.66,4
37.68,5.4
37.7,6.9
37.72,9.5
37.74,11.7
37.76,14.3
37.78,14.3
37.8,12.5
37.82,12.2
37.84,12.4
37.86,12.6
37.88,13
37.9,13.3
37.92,10.6
37.94,7.9
37.96,4.6
37.98,2
38,0.5
38.02,-1.1
38.04,-2.5
38.06,-1.1
38.08,1.8
38.1,4.3
38.12,7.6
38.14,10.3
38.16,13.3
38.18,10.1
38.2,6.2
38.22,1.8
38.24,-2.7
38.26,-8
38.28,-8.9
38.3,-5.4
38.32,-3
38.34,0.6
38.36,1.2
38.38,2.2
38.4,2.7
38.42,3.2
38.44,4.8
38.46,6.9
38.48,8.9
38.5,11.2
38.52,13.3
38.54,14
38.56,13.7
38.58,14
38.6,13.5
38.62,13.9
38.64,10.2
38.66,3
38.68,-3.2
38.7,-6.3
38.72,-8.5
38.74,-11.2
38.76,-15.7
38.78,-19.7
38.8,-18.8
38.82,-18.2
38.84,-17
38.86,-15.6
38.88,-14.2
38.9,-12.9
38.92,-12.5
38.94,-12
38.96,-11.6
38.98,-11.4
39,-10.6
39.02,-6.4
39.04,-2.1
39.06,0.2
39.08,-0.4
39.1,-0.4
39.12,-1.4
39.14,-1.9
39.16,-0.8
39.18,1.1
39.2,2.7
39.22,5
39.24,5.3
39.26,4.2
39.28,3
39.3,1.1
39.32,-0.5
39.34,-2.4
39.36,-2
39.38,-0.7
39.4,0.4
39.42,1.9
39.44,3.3
39.46,4.8
39.48,5.7
39.5,6.5
39.52,7.4
39.54,8.1
39.56,9.1
39.58,12.7
39.6,16.9
39.62,14.4
39.64,10.5
39.66,7
39.68,3.5
39.7,0.2
39.72,-3.2
39.74,-6.4
39.76,-9.5
39.78,-9.1
39.8,-8.3
39.82,-7.3
39.84,-5.1
39.86,-3
39.88,-0.4
39.9,3.3
39.92,5.2
39.94,4.4
39.96,4
39.98,3
40,2
40.02,1
40.04,0.1
40.06,-1
40.08,-1.4
40.1,0.2
40.12,1.6
40.14,3
40.16,2.3
40.18,1.6
40.2,1.6
40.22,2.6
40.24,3.2
40.26,4.5
40.28,4.6
40.3,2.1
40.32,-0.3
40.34,-3
40.36,-6
40.38,-8.7
40.4,-11.6
40.42,-10.7
40.44,-9.4
40.46,-7.8
40.48,-6.8
40.5,-6.3
40.52,-5.7
40.54,-5
40.56,-4.1
40.58,-3.3
40.6,-2.4
40.62,-1.4
40.64,-0.5
40.66,0.4
40.68,1.3
40.7,2.1
40.72,0.1
40.74,-1.8
40.76,-4
40.78,-6.4
40.8,-8.7
40.82,-11
40.84,-12.9
40.86,-15.1
40.88,-16.5
40.9,-17.4
40.92,-18.4
40.94,-19.4
40.96,-20.2
40.98,-21.3
41,-19.8
41.02,-17.3
41.04,-13.5
41.06,-6.5
41.08,-1.4
41.1,2
41.12,5.5
41.14,8.2
41.16,8.9
41.18,10.2
41.2,9.3
41.22,8
41.24,6.1
41.26,3.3
41.28,0.3
41.3,-2.4
41.32,-5.7
41.34,-4.5
41.36,-1.3
41.38,1.3
41.4,3.3
41.42,4.8
41.44,5.4
41.46,5.8
41.48,6.2
41.5,6.5
41.52,6.9
41.54,7.2
41.56,7.5
41.58,7.7
41.6,7.3
41.62,6.9
41.64,6.4
41.66,5.8
41.68,5.4
41.7,4.8
41.72,6.1
41.74,7.9
41.76,9.6
41.78,11.4
41.8,12.6
41.82,13.9
41.84,13.1
41.86,12.3
41.88,11.4
41.9,10.3
41.92,8.7
41.94,7.2
41.96,5.6
41.98,4
42,2.4
42.02,0.7
42.04,0.4
42.06,0.8
42.08,0.9
42.1,2.3
42.12,4.2
42.14,5.2
42.16,6.1
42.18,7.2
42.2,7.9
42.22,8.9
42.24,9.5
42.26,9.5
42.28,9.3
42.3,8.9
42.32,2.5
42.34,0
42.36,-0.5
42.38,-2
42.4,-2.4
42.42,-3.3
42.44,-4.8
42.46,-6.4
42.48,-8
42.5,-9.7
42.52,-11.4
42.54,-12.8
42.56,-10.6
42.58,-8.9
42.6,-6.6
42.62,-4.3
42.64,-1.9
42.66,-1.1
42.68,-0.9
42.7,-0.5
42.72,-0.4
42.74,0.5
42.76,1.4
42.78,2.4
42.8,3.5
42.82,4.3
42.84,4.4
42.86,3.9
42.88,1.3
42.9,-0.8
42.92,-3.6
42.94,-4.7
42.96,-5.5
42.98,-6.2
43,-6.8
43.02,-7.3
43.04,-8
43.06,-7.5
43.08,-6.4
43.1,-2.8
43.12,0.5
43.14,4.6
43.16,6.5
43.18,6
43.2,6
43.22,5.4
43.24,4.9
43.26,4.4
43.28,3.9
43.3,2.9
43.32,0
43.34,-2.6
43.36,-5.2
43.38,-4.2
43.4,-3.7
43.42,-2.5
43.44,-1.5
43.46,-0.2
43.48,0.2
43.5,0
43.52,-0.1
43.54,-0.4
43.56,-0.7
43.58,-0.6
43.6,-0.1
43.62,0.3
43.64,0.7
43.66,-0.1
43.68,-0.7
43.7,-1.5
43.72,-2.4
43.74,-2.9
43.76,-2.8
43.78,-2.8
43.8,-2.5
43.82,-2.4
43.84,-2.1
43.86,-2.7
43.88,-4.4
43.9,-5.8
43.92,-7.6
43.94,-8.4
43.96,-8.2
43.98,-8.3
44,-7.5
44.02,-5
44.04,-2.8
44.06,-0.2
44.08,1.8
44.1,1.8
44.12,2.1
44.14,2.1
44.16,2.1
44.18,3.1
44.2,4.3
44.22,4.9
44.24,4.9
44.26,4.9
44.28,4.8
44.3,4.7
44.32,5.2
44.34,6.7
44.36,7.9
44.38,9.5
44.4,9.7
44.42,9.6
44.44,9.6
44.46,9.3
44.48,9.1
44.5,8.9
44.52,8.7
44.54,8.4
44.56,8.2
44.58,8
44.6,7.7
44.62,6.2
44.64,4.7
44.66,3.5
44.68,3.6
44.7,3.4
44.72,3.5
44.74,3.6
44.76,3.2
44.78,1.9
44.8,1.5
44.82,1.4
44.84,1.2
44.86,1.2
44.88,1.1
44.9,0
44.92,-1
44.94,-2
44.96,-2.5
44.98,-2.9
45,-3.3
45.02,-3.7
45.04,-4.8
45.06,-6.3
45.08,-7.7
45.1,-9.2
45.12,-10.7
45.14,-12.2
45.16,-13.8
45.18,-14.3
45.2,-12
45.22,-10.3
45.24,-7.8
45.26,-6.7
45.28,-6.3
45.3,-5.8
45.32,-5.6
45.34,-5.3
45.36,-5
45.38,-4.8
45.4,-4.5
45.42,-4.2
45.44,-3.9
45.46,-3.1
45.48,-2.6
45.5,-1.1
45.52,1
45.54,3.1
45.56,4.6
45.58,4.8
45.6,5.4
45.62,5.5
45.64,6.3
45.66,8.4
45.68,10.1
45.7,8.4
45.72,7.1
45.74,5.3
45.76,3.3
45.78,2.8
45.8,2.9
45.82,2.8
45.84,2.7
45.86,1.2
45.88,-0.1
45.9,-1
45.92,-1.1
45.94,-1.6
45.96,-1.5
45.98,-3.1
46,-6.8
46.02,-9.9
46.04,-10.2
46.06,-10.5
46.08,-10.6
46.1,-9.9
46.12,-8.9
46.14,-7.9
46.16,-7.4
46.18,-7.2
46.2,-6.8
46.22,-6.7
46.24,-6.3
46.26,-4
46.28,-1.3
46.3,1.3
46.32,4.3
46.34,7.1
46.36,9.9
46.38,8.6
46.4,6.3
46.42,4.1
46.44,1.3
46.46,-1.4
46.48,-3.5
46.5,-3.7
46.52,-4.4
46.54,-4.6
46.56,-4.9
46.58,-5.1
46.6,-5.4
46.62,-5.6
46.64,-5.8
46.66,-4.6
46.68,-2.9
46.7,-1.3
46.72,0.7
46.74,1.7
46.76,1.9
46.78,2.5
46.8,2.5
46.82,3.5
46.84,5
46.86,6.4
46.88,8
46.9,9.4
46.92,9.7
46.94,10.2
46.96,10.5
46.98,10.8
47,11
47.02,10.4
47.04,9.9
47.06,9.3
47.08,8.6
47.1,7.9
47.12,7.2
47.14,6.3
47.16,5.5
47.18,4.6
47.2,3.8
47.22,3.1
47.24,2.7
47.26,2.1
47.28,1.7
47.3,1.2
47.32,0.7
47.34,0.3
47.36,0.8
47.38,1.3
47.4,1.9
47.42,2.2
47.44,0.9
47.46,-0.3
47.48,-1.7
47.5,-3.1
47.52,-4.7
47.54,-5.3
47.56,-4.8
47.58,-4.3
47.6,-3.8
47.62,-2.5
47.64,-0.9
47.66,0.7
47.68,1.7
47.7,2.2
47.72,3.5
47.74,6.1
47.76,8.3
47.78,11.2
47.8,10.7
47.82,8.7
47.84,7.1
47.86,4.7
47.88,2.7
47.9,0.4
47.92,-1.6
47.94,-2.4
47.96,-3.3
47.98,-4.6
48,-6.9
48.02,-8.4
48.04,-8.8
48.06,-9.3
48.08,-9.5
48.1,-9.7
48.12,-9.9
48.14,-10.1
48.16,-10.2
48.18,-9.8
48.2,-9.5
48.22,-9
48.24,-8.7
48.26,-8.9
48.28,-9.1
48.3,-9.3
48.32,-9.6
48.34,-9.7
48.36,-8.8
48.38,-8.1
48.4,-7.1
48.42,-6.8
48.44,-6.8
48.46,-6.7
48.48,-6.7
48.5,-6.6
48.52,-6.6
48.54,-6.4
48.56,-5.6
48.58,-5
48.6,-4.3
48.62,-3.4
48.64,-2.3
48.66,-1.3
48.68,-0.2
48.7,1
48.72,1.7
48.74,0.9
48.76,0.3
48.78,-0.5
48.8,-1.4
48.82,-0.7
48.84,0.6
48.86,1.6
48.88,1.3
48.9,1.2
48.92,0.8
48.94,0.5
48.96,0
48.98,0.2
49,0.9
49.02,1.4
49.04,2.1
49.06,2.2
49.08,1
49.1,0
49.12,-1.2
49.14,-2.4
49.16,-2.4
49.18,-1.9
49.2,-1.6
49.22,-1.8
49.24,-2.2
49.26,-2.7
49.28,-3
49.3,-2.6
49.32,-2.2
49.34,-2.2
49.36,-3.2
49.38,-4.1
49.4,-5.1
49.42,-4.6
49.44,-4.3
49.46,-3.8
49.48,-3.2
49.5,-2.6
49.52,-2
49.54,-1.9
49.56,-1.8
49.58,-1.5
49.6,1.3
49.62,4.1
49.64,6.7
49.66,7
49.68,7.6
49.7,7.8
49.72,8
49.74,8.1
49.76,8.4
49.78,7.8
49.8,6.1
49.82,4.8
49.84,3.1
49.86,2.9
49.88,3
49.9,3.2
49.92,3.5
49.94,3.7
49.96,2.4
49.98,0.7
50,-0.8
50.02,-2.8
50.04,-3.5
50.06,-2.2
50.08,-1.3
50.1,0.1
50.12,0.3
50.14,0.1
50.16,-0.1
50.18,-0.5
50.2,-0.8
50.22,-1.1
50.24,-1.5
50.26,-1.2
50.28,-0.8
50.3,-0.4
50.32,0.1
50.34,0.5
50.36,0.8
50.38,0.8
50.4,0.9
50.42,1
50.44,2.2
50.46,3.3
50.48,4.6
50.5,5.9
50.52,7.2
50.54,7.9
50.56,6.2
50.58,5
50.6,3.2
50.62,1.6
50.64,-0.4
50.66,0
50.68,3
50.7,5.2
50.72,8.7
50.74,8.2
50.76,3.1
50.78,-0.2
50.8,-6.2
50.82,-2.8
50.84,5.8
50.86,13
50.88,22.1
50.9,18.5
50.92,9.4
50.94,9.1
50.96,7.7
50.98,9
51,1.6
51.02,-8.4
51.04,-20
51.06,-14.8
51.08,-0.7
51.1,10.7
51.12,9.9
51.14,4.8
51.16,0.3
51.18,-6.9
51.2,-10.7
51.22,-1.5
51.24,6.9
51.26,13.8
51.28,6.7
51.3,2
51.32,3.5
51.34,9
51.36,8.6
51.38,5.2
51.4,2.4
51.42,1.6
51.44,1.3
51.46,-1.1
51.48,-3.4
51.5,-6.7
51.52,-5.4
51.54,-2
51.56,1.4
51.58,4.8
51.6,9.7
51.62,5.8
51.64,-4.8
51.66,-11.9
51.68,-9.5
51.7,-6
51.72,-2.4
51.74,3.2
51.76,3.8
51.78,1.4
51.8,-0.1
51.82,-0.7
51.84,0.6
51.86,1
51.88,2.4
51.9,1.3
51.92,0.4
51.94,-0.8
51.96,-2.7
51.98,-5.5
52,-8.4
52.02,-9.3
52.04,-6.1
52.06,-3.6
52.08,-0.2
52.1,3.3
52.12,3.7
52.14,-1.4
52.16,-4.5
52.18,-10.3
52.2,-7.7
52.22,-2.3
52.24,3.1
52.26,4.1
52.28,2.6
52.3,1.3
52.32,1.5
52.34,6.1
52.36,7.3
52.38,7.4
52.4,7.6
52.42,7.3
52.44,7.1
52.46,5.7
52.48,3.8
52.5,2.1
52.52,-0.2
52.54,-3.3
52.56,-6.4
52.58,-6.8
52.6,-5.1
52.62,-5.4
52.64,-5.4
52.66,-5.7
52.68,-3.3
52.7,0
52.72,3.3
52.74,7
52.76,9.6
52.78,8.5
52.8,8
52.82,6.8
52.84,7.5
52.86,7.7
52.88,8.5
52.9,6.1
52.92,3.7
52.94,0.7
52.96,-0.1
52.98,0.4
53,0.5
53.02,-1
53.04,-2.9
53.06,-4.6
53.08,-6.9
53.1,-6.5
53.12,-4.4
53.14,-2.8
53.16,-0.7
53.18,-2.3
53.2,-3.3
53.22,-5.1
53.24,-6
53.26,-5.6
53.28,-5.4
53.3,-5
53.32,-6.6
53.34,-9.1
53.36,-11.4
53.38,-14
53.4,-13.8
53.42,-14
53.44,-12.1
53.46,-9.6
53.48,-7.4
53.5,-4.6
53.52,-3.4
53.54,-4.2
53.56,-4.5
53.58,-5.5
53.6,-6.3
53.62,-7.2
53.64,-8
53.66,-7.3
53.68,-5.2
53.7,-3.7
53.72,-2.6
53.74,-1.4
